Pair,ΔF1_Macro,ΔF1_Hate,ΔPR_AUC,ΔMCC,McNemar_Chi2,McNemar_p,Only_base_correct,Only_improved_correct
bertweet -> bertweet_finetuned_weighted,7.778377729816821e-05,0.0005211361629734457,0.0031332299900719285,0.0004093353603134009,0.04938271604938271,0.8241408957418852,42,39
tw_roberta_hate_finetuned -> tw_roberta_hate_finetuned_weighted,0.0275309184288256,0.05161500753969561,0.031845875696081105,0.05426648483880159,17.647058823529413,2.659261855078661e-05,10,41
