len_bin,has_at,has_hash,has_url,error_rate
<=50,0,0,0,0.22134387351778656
<=50,0,1,0,0.11186440677966102
<=50,1,0,0,0.19285714285714287
<=50,1,1,0,0.14814814814814814
51-100,0,0,0,0.3191489361702128
51-100,0,1,0,0.1018450184501845
51-100,1,0,0,0.32489451476793246
51-100,1,1,0,0.16501650165016502
101-200,0,0,0,0.4725274725274725
101-200,0,1,0,0.23474801061007958
101-200,1,0,0,0.5189873417721519
101-200,1,1,0,0.2595078299776286
