len_bin,has_at,has_hash,has_url,error_rate
<=50,0,0,0,0.039525691699604744
<=50,0,1,0,0.006779661016949152
<=50,1,0,0,0.04285714285714286
<=50,1,1,0,0.037037037037037035
51-100,0,0,0,0.05531914893617021
51-100,0,1,0,0.012546125461254613
51-100,1,0,0,0.04219409282700422
51-100,1,1,0,0.018151815181518153
101-200,0,0,0,0.054945054945054944
101-200,0,1,0,0.023872679045092837
101-200,1,0,0,0.07172995780590717
101-200,1,1,0,0.0447427293064877
