Model,F1_Macro,CI_Lower,CI_Upper,CI_Width
svm,0.8566206081651354,0.8342231066790383,0.8771200212506034,0.04289691457156508
bertweet_off_the_shelf,0.5741065689969529,0.5570279935446703,0.5896249995796838,0.03259700603501359
bertweet_finetuned_weighted,0.8938088259241166,0.8763347960630778,0.9112201219359237,0.034885325872845874
tw_roberta_hate_off_the_shelf,0.5906578657865786,0.5658942091775913,0.6158104764775704,0.04991626729997911
tw_roberta_hate_finetuned_weighted,0.9216777353241037,0.9063199802390389,0.9360144785356888,0.02969449829664983
