len_bin,has_at,has_hash,has_url,error_rate
<=50,0,0,0,0.039525691699604744
<=50,0,1,0,0.023728813559322035
<=50,1,0,0,0.05
<=50,1,1,0,0.018518518518518517
51-100,0,0,0,0.059574468085106386
51-100,0,1,0,0.01107011070110701
51-100,1,0,0,0.06751054852320675
51-100,1,1,0,0.0297029702970297
101-200,0,0,0,0.038461538461538464
101-200,0,1,0,0.027851458885941646
101-200,1,0,0,0.0759493670886076
101-200,1,1,0,0.04697986577181208
