len_bin,has_at,has_hash,has_url,error_rate
<=50,0,0,0,0.08300395256916997
<=50,0,1,0,0.04745762711864407
<=50,1,0,0,0.05
<=50,1,1,0,0.05555555555555555
51-100,0,0,0,0.08936170212765958
51-100,0,1,0,0.04944649446494465
51-100,1,0,0,0.0970464135021097
51-100,1,1,0,0.12046204620462046
101-200,0,0,0,0.10989010989010989
101-200,0,1,0,0.08753315649867374
101-200,1,0,0,0.10548523206751055
101-200,1,1,0,0.10738255033557047
