len_bin,has_at,has_hash,has_url,error_rate
<=50,0,0,0,0.03557312252964427
<=50,0,1,0,0.01694915254237288
<=50,1,0,0,0.05
<=50,1,1,0,0.018518518518518517
51-100,0,0,0,0.05531914893617021
51-100,0,1,0,0.01107011070110701
51-100,1,0,0,0.04219409282700422
51-100,1,1,0,0.01485148514851485
101-200,0,0,0,0.02197802197802198
101-200,0,1,0,0.010610079575596816
101-200,1,0,0,0.02531645569620253
101-200,1,1,0,0.020134228187919462
