{
  "precision_macro": 0.8855975602445367,
  "recall_macro": 0.9024552266921202,
  "f1_macro": 0.8938088259241166,
  "precision_weighted": 0.9723104567969599,
  "recall_weighted": 0.9716371220020855,
  "f1_weighted": 0.9719404722425843,
  "precision_hate": 0.7847025495750708,
  "recall_hate": 0.8219584569732937,
  "f1_hate": 0.8028985507246377,
  "precision_nonhate": 0.9864925709140027,
  "recall_nonhate": 0.9829519964109467,
  "f1_nonhate": 0.9847191011235955,
  "mcc": 0.7878724605420436,
  "accuracy": 0.9716371220020855,
  "tn": 4382,
  "fp": 76,
  "fn": 60,
  "tp": 277,
  "pr_auc": 0.8810238901532903,
  "brier_score": 0.026091209076470973
}