{
  "precision_macro": 0.6414466713288196,
  "recall_macro": 0.5710851561491161,
  "f1_macro": 0.5906578657865786,
  "precision_weighted": 0.8974629490273535,
  "recall_weighted": 0.9190823774765381,
  "f1_weighted": 0.9057771702509146,
  "precision_hate": 0.34355828220858897,
  "recall_hate": 0.1661721068249258,
  "f1_hate": 0.224,
  "precision_nonhate": 0.9393350604490501,
  "recall_nonhate": 0.9759982054733064,
  "f1_nonhate": 0.9573157315731573,
  "mcc": 0.2005468395979537,
  "accuracy": 0.9190823774765381,
  "tn": 4351,
  "fp": 107,
  "fn": 281,
  "tp": 56,
  "pr_auc": 0.23656842604614037,
  "brier_score": 0.0751444873504401
}