{
  "precision_macro": 0.5700338234729139,
  "recall_macro": 0.684433878746973,
  "f1_macro": 0.5741065689969529,
  "precision_weighted": 0.9057464530587883,
  "recall_weighted": 0.7881126173096976,
  "f1_weighted": 0.8335708011525341,
  "precision_hate": 0.1794145420207743,
  "recall_hate": 0.5637982195845698,
  "f1_hate": 0.2722063037249284,
  "precision_nonhate": 0.9606531049250535,
  "recall_nonhate": 0.8050695379093764,
  "f1_nonhate": 0.8760068342689773,
  "mcc": 0.22730252710069304,
  "accuracy": 0.7881126173096976,
  "tn": 3589,
  "fp": 869,
  "fn": 147,
  "tp": 190,
  "pr_auc": 0.15755197998298354,
  "brier_score": 0.19077300996531918
}