{
  "precision_macro": 0.8942728190177169,
  "recall_macro": 0.8931910491990527,
  "f1_macro": 0.8937310421468184,
  "precision_weighted": 0.9722249420686356,
  "recall_weighted": 0.9722627737226277,
  "f1_weighted": 0.9722437218712023,
  "precision_hate": 0.8035714285714286,
  "recall_hate": 0.8011869436201781,
  "f1_hate": 0.8023774145616642,
  "precision_nonhate": 0.9849742094640054,
  "recall_nonhate": 0.9851951547779273,
  "f1_nonhate": 0.9850846697319726,
  "mcc": 0.7874631251817302,
  "accuracy": 0.9722627737226277,
  "tn": 4392,
  "fp": 66,
  "fn": 67,
  "tp": 270,
  "pr_auc": 0.8778906601632184,
  "brier_score": 0.025185954966370414
}