{
  "precision_macro": 0.9314363222885568,
  "recall_macro": 0.9124276298535756,
  "f1_macro": 0.9216777353241037,
  "precision_weighted": 0.9796051092275195,
  "recall_weighted": 0.9799791449426486,
  "f1_weighted": 0.9797536620918154,
  "precision_hate": 0.8753894080996885,
  "recall_hate": 0.8338278931750742,
  "f1_hate": 0.8541033434650456,
  "precision_nonhate": 0.9874832364774251,
  "recall_nonhate": 0.9910273665320771,
  "f1_nonhate": 0.9892521271831617,
  "mcc": 0.8436498321797092,
  "accuracy": 0.9799791449426486,
  "tn": 4418,
  "fp": 40,
  "fn": 56,
  "tp": 281,
  "pr_auc": 0.925268980206875,
  "brier_score": 0.01776214719090561
}