{
  "precision_macro": 0.9127693403046226,
  "recall_macro": 0.8774057374266647,
  "f1_macro": 0.8941468168952781,
  "precision_weighted": 0.9726137248602784,
  "recall_weighted": 0.9735140771637122,
  "f1_weighted": 0.9729214988717272,
  "precision_hate": 0.8431372549019608,
  "recall_hate": 0.7655786350148368,
  "f1_hate": 0.80248833592535,
  "precision_nonhate": 0.9824014257072845,
  "recall_nonhate": 0.9892328398384926,
  "f1_nonhate": 0.9858052978652062,
  "mcc": 0.7893833473409076,
  "accuracy": 0.9735140771637122,
  "tn": 4410,
  "fp": 48,
  "fn": 79,
  "tp": 258,
  "pr_auc": 0.8934231045107939,
  "brier_score": 0.02400281414548309
}