{
  "precision_macro": 0.9272418644877305,
  "recall_macro": 0.808432278582963,
  "f1_macro": 0.8566206081651354,
  "precision_weighted": 0.9658210621865215,
  "recall_weighted": 0.9676746611053181,
  "f1_weighted": 0.9650693646026929,
  "precision_hate": 0.8823529411764706,
  "recall_hate": 0.6231454005934718,
  "f1_hate": 0.7304347826086957,
  "precision_nonhate": 0.9721307877989905,
  "recall_nonhate": 0.993719156572454,
  "f1_nonhate": 0.9828064337215752,
  "mcc": 0.7260170294696515,
  "accuracy": 0.9676746611053181,
  "tn": 4430,
  "fp": 28,
  "fn": 127,
  "tp": 210,
  "pr_auc": 0.7754610115560521,
  "brier_score": 0.02658556666649487
}